district,fiscal_year,data_basis,peer_group,days_net_cash,moodys_net_cash_ratio,current_ratio,receivables_inventory_ratio,creditor_equity_ratio,solvency_ratio,moodys_avail_fb_ratio,sp_available_reserves_pct,unrestricted_np_pp,uab_pct_of_max,ubr_unrestricted_pct,operating_margin,sp_oper_result_3yr,employee_cost_ratio,foundation_aid_ratio,transportation_ratio,investment_income_ratio,gf_per_pupil,local_share_pct,moodys_ltl_ratio,moodys_fixed_costs_ratio,sp_current_cost_pct,net_direct_debt_pp,npl_pp,debt_per_pupil,enrollment_cagr_3yr,valuation_per_pupil,grand_total_levy_rate,certified_enrollment,opinion_type,findings_count,repeat_finding,report_lag_months,gfoa_award,confidence,sources
Iowa City CSD,2015,audited,Large (>14k),67,18.2,120.5,71.57,0.0,9.34,8.2,8.2,-2518,4.44,2.16,1.69,,83,38.2,3.06,0.05,10404,,52.3,6.9,9.5,1349,4039,1349,,,,13328.0,unmodified,0,N,6,Y,verbatim-district,
Iowa City CSD,2016,audited,Large (>14k),84,22.2,124.5,66.73,0.0,11.45,10.3,10.3,-4467,6.36,3.86,3.11,,84,36.0,2.24,0.03,10614,,92.2,6.8,11.9,5137,4759,5137,,,,13671.0,unmodified,1,N,5,Y,verbatim-district,
Iowa City CSD,2017,audited,Large (>14k),88,23.5,127.4,65.43,0.0,12.26,11.8,11.8,-2360,6.64,4.20,2.27,2.36,84,36.2,2.18,0.07,10999,45.7,109.8,9.3,11.3,6128,5991,6128,,,,13982.0,unmodified,1,N,6,Y,verbatim-district,
Iowa City CSD,2018,audited,Large (>14k),79,21.9,123.6,66.4,0.0,10.96,10.6,10.6,-2845,5.38,3.95,-1.76,1.21,84,35.5,2.16,0.21,11689,46.3,161.8,10.0,13.2,11554,6376,11554,2.13,,,14198.0,unmodified,1,N,5,Y,verbatim-district,
Iowa City CSD,2019,audited,Large (>14k),63,17.8,116.1,71.0,0.0,7.03,6.8,6.8,-4151,2.17,0.62,-3.58,-1.02,85,35.1,2.20,0.36,12086,46.4,188.2,14.0,18.6,14804,6385,14804,1.48,,,14285.0,unmodified,1,N,5,Y,verbatim-district,
Iowa City CSD,2020,audited,Large (>14k),52.6,14.7,111.2,76.26,0.0,4.21,4.1,4.1,-4519,1.17,,-1.98,-2.44,,49.3,1.99,0.147,11879,46.3,210.0,15.9,20.1,17827,5904,17827,1.39,429084,14.79,14572.0,unmodified,2,N,7,Y,audited,
Iowa City CSD,2021,audited,Large (>14k),42.9,11.4,116.1,79.81,0.0,6.34,6.1,6.1,-3629,1.68,,2.89,-0.89,,45.9,2.02,0.009,12950,45.7,188.3,16.3,19.4,17155,7173,17155,0.2,464943,14.84,14284.0,unmodified,2,N,7,Y,audited,
Iowa City CSD,2022,audited,Large (>14k),38.8,10.9,109.7,79.67,0.0,2.82,2.7,2.7,-2892,0.12,,-2.76,-0.62,,44.3,1.94,0.022,14046,42.9,124.4,15.7,19.0,16011,143,16011,0.26,473211,14.85,14395.0,unmodified,3,N,6,Y,audited,
Iowa City CSD,2023,audited,Large (>14k),33.4,9.1,109.3,82.67,0.0,2.45,2.4,2.4,-2483,-1.21,,0.77,0.3,85.7,45.2,1.86,0.265,14396,42.1,189.1,14.6,33.7,22281,4249,22281,-0.3,474201,14.93,14440.0,unmodified,7,Y,26,N,audited,
Iowa City CSD,2024,audited,Large (>14k),41.2,10.8,114.6,84.85,0.0,8.07,7.8,7.8,-1835,1.64,,4.34,0.78,84.8,,,0.876,13901,,188.1,17.8,20.3,21282,4889,21282,0.22,478522,16.27,14379.0,unmodified,17,Y,24,N,audited,
Iowa City CSD,2025,management-unaudited,Large (>14k),33.3,9.1,95.0,82.22,,6.71,6.5,6.5,,2.31,,-0.1,1.67,85.8,35.9,2.82,0.545,14743,46.4,179.1,17.4,20.3,22116,4262,22116,-0.04,495773,16.82,14378.7,,,,,,management-unaudited,
Ankeny CSD,2015,audited,Mid (7-14k),71.4,19.1,114.2,67.65,0.0,6.63,6.4,6.4,-3180,20.91,,2.39,,,55.6,,0.027,9969,,224.8,19.9,37.5,19443,3451,19443,,,,9901.9,unmodified,0,N,5,Y,High,
Ankeny CSD,2016,audited,Mid (7-14k),86.2,22.5,122.2,64.48,0.0,10.36,10.0,10.0,-2546,21.18,,4.88,,,58.0,,0.04,10169,,202.8,18.6,23.9,17334,4273,17334,,,,10346.4,unmodified,2,Y,5,Y,High,
Ankeny CSD,2017,audited,Mid (7-14k),101.1,26.4,131.2,59.85,0.0,,14.1,14.1,-2079,20.57,,4.8,4.02,,57.5,3.39,0.064,10471,41.0,164.5,16.8,17.3,12663,5337,12663,,,,10793.1,unmodified,2,N,4,Y,High,
Ankeny CSD,2018,audited,Mid (7-14k),106.0,28.6,132.7,57.71,0.0,,15.2,15.2,-2410,19.12,,1.58,3.75,,58.1,3.51,0.219,10827,40.4,170.3,13.9,17.3,12771,5545,12771,4.17,,,11193.3,unmodified,3,Y,5,Y,High,
Ankeny CSD,2019,audited,Mid (7-14k),79.2,22.7,125.9,65.4,0.0,,11.9,11.9,-2888,17.76,,-4.43,0.65,,58.3,3.75,0.395,11388,40.0,156.1,14.6,20.0,11244,5348,11244,3.73,,,11548.7,unmodified,1,N,4,Y,High,
Ankeny CSD,2020,audited,Mid (7-14k),82.1,22.3,126.9,65.62,0.0,,8.8,8.8,-3021,17.61,,0.88,-0.66,79.4,56.3,3.93,0.201,11088,41.2,151.6,13.4,24.7,11637,4818,11637,4.33,309071,17.52,12255.8,unmodified,2,Y,4,Y,audited,
Ankeny CSD,2021,audited,Mid (7-14k),86.6,23.2,130.8,64.52,0.0,,12.0,12.0,-3237,16.81,,2.03,-0.51,80.3,55.0,3.53,0.034,11820,42.0,138.9,13.1,33.4,10342,5878,10342,2.76,339403,17.41,12147.4,unmodified,1,Y,7,Y,audited,
Ankeny CSD,2022,audited,Mid (7-14k),100.7,27.5,131.5,60.38,0.0,,11.2,11.2,-2228,15.72,,0.41,1.11,79.7,54.5,4.09,0.035,11843,42.8,97.9,12.2,19.5,11119,102,11119,2.71,350791,17.32,12512.3,unmodified,3,Y,5,Y,audited,
Ankeny CSD,2023,audited,Mid (7-14k),100.0,27.5,129.3,60.08,0.0,9.23,8.9,8.9,-1402,13.33,,-0.23,0.74,76.3,55.8,5.03,0.711,12432,40.8,105.2,12.3,22.3,9369,3231,9369,1.12,370531,17.05,12671.3,unmodified,2,Y,5,Y,audited,
Ankeny CSD,2024,audited,Mid (7-14k),89.9,24.7,129.7,61.42,0.0,11.05,10.6,10.6,-1137,11.8,,-0.35,-0.06,76.2,,,1.284,12928,,91.1,11.1,21.2,7680,3628,7680,1.64,381917,17.0,12753.8,unmodified,4,Y,6,Y,audited,
Ankeny CSD,2025,audited,Mid (7-14k),106.1,28.1,135.3,59.09,0.0,13.38,13.0,13.0,-1582,14.01,,3.46,0.96,77.0,,,0.788,13142,,67.9,9.8,20.5,5937,2894,5937,0.64,431826,16.05,12753.8,unmodified,6,Y,5,Y,audited,
Cedar Rapids CSD,2015,audited,Large (>14k),63.1,16.7,118.2,70.26,0.0,6.58,6.3,6.3,-4652,2.95,,3.58,,,55.5,,,11318,,105.3,11.4,10.8,7459,4626,7459,,,,16843.0,unmodified,2,N,6,Y,High,
Cedar Rapids CSD,2016,audited,Large (>14k),73.3,19.4,128.8,66.04,0.0,11.15,10.7,10.7,-4021,3.52,,3.16,,,55.8,,,11461,,109.7,11.2,10.6,7114,5583,7114,,,,16939.0,unmodified,2,Y,5,Y,High,
Cedar Rapids CSD,2017,audited,Large (>14k),82.7,22.3,134.5,63.15,0.0,14.03,13.5,13.5,-3570,5.31,,1.59,2.78,,57.2,2.96,0.023,11623,39.3,115.9,11.0,12.8,6560,6829,6560,,,,17092.0,unmodified,2,Y,6,Y,High,
Cedar Rapids CSD,2018,audited,Large (>14k),91.9,25.2,134.9,60.48,0.0,15.29,14.7,14.7,-3564,6.82,,-0.07,1.56,,56.8,3.05,0.167,11961,39.4,114.9,10.6,12.6,6059,7135,6059,0.56,,,17129.0,unmodified,3,Y,6,Y,High,
Cedar Rapids CSD,2019,audited,Large (>14k),87.9,24.5,132.6,61.48,0.0,14.08,14.1,14.1,-3726,7.42,,-1.86,-0.11,,55.9,3.67,0.348,12535,39.8,125.7,10.6,10.7,7384,6755,7384,0.05,,,16963.0,unmodified,2,Y,6,Y,High,
Cedar Rapids CSD,2020,audited,Large (>14k),83.5,23.5,125.8,63.64,0.0,12.24,11.8,11.8,-4493,7.61,,-2.81,-1.58,80.9,54.0,3.4,0.189,12947,39.6,111.7,11.5,29.8,6467,6142,6467,-0.47,322661,15.07,16851.0,unmodified,4,Y,7,Y,audited,
Cedar Rapids CSD,2021,audited,Large (>14k),78.1,21.2,131.3,66.25,0.0,14.26,13.7,13.7,-3592,10.32,,1.0,-1.22,80.5,52.1,2.85,0.005,13661,39.8,113.5,10.2,31.4,6710,7605,6710,-1.77,341933,15.36,16237.0,unmodified,2,Y,7,Y,audited,
Cedar Rapids CSD,2022,audited,Large (>14k),77.1,20.7,137.7,65.07,0.0,12.5,12.1,12.1,-786,11.79,,1.81,0.0,78.9,49.9,3.13,0.03,14206,37.8,54.1,9.8,11.7,6372,152,6372,-1.75,350206,15.36,16086.0,unmodified,1,N,6,Y,audited,
Cedar Rapids CSD,2023,audited,Large (>14k),93.4,24.9,143.0,58.8,0.0,16.85,16.3,16.3,-1614,11.71,,2.58,1.8,78.0,51.4,3.36,0.588,15653,37.0,81.8,9.3,11.4,7070,4581,7070,-4.55,392795,14.73,14652.0,unmodified,2,N,7,Y,audited,
Cedar Rapids CSD,2024,audited,Large (>14k),99.1,27.0,143.3,57.56,0.0,17.39,16.8,16.8,-581,13.46,,0.55,1.65,78.0,,,,14449,,87.2,9.5,12.3,7046,4227,7046,-0.2,364501,14.67,16139.0,unmodified,2,Y,7,Y,audited,
Cedar Rapids CSD,2025,audited,Large (>14k),93.3,26.7,132.6,57.6,0.0,13.8,13.4,13.4,-91,12.96,,-4.53,-0.47,78.6,,,,14910,,81.5,9.9,12.7,7345,3290,7345,0.07,368765,13.9,16120.0,unmodified,,,6,Y,audited,
Davenport CSD,2015,audited,Mid (7-14k),104.1,28.7,128.1,54.44,0.0,,13.6,13.6,,4.27,,-0.47,,,,,0.144,,,43.7,6.2,6.8,,,,,,,,unmodified,7,N,8,Y,High,
Davenport CSD,2016,audited,Mid (7-14k),92.0,25.6,125.6,55.89,0.0,,11.7,11.7,,-1.27,,-1.55,,,,,0.039,,,50.9,6.3,6.8,,,,,,,,unmodified,5,Y,7,Y,High,
Davenport CSD,2017,audited,Mid (7-14k),80.4,23.0,114.7,59.82,0.0,,7.2,7.2,,-2.13,,-4.41,-2.14,,61.1,3.39,0.233,,33.9,61.2,6.4,7.0,,,,,,,,unmodified,6,Y,5,Y,High,
Davenport CSD,2018,audited,Mid (7-14k),82.6,22.7,117.4,59.14,0.0,,6.1,6.1,,-6.38,,-0.49,-2.15,,59.7,3.45,0.483,,35.8,62.4,6.2,6.9,,,,,,,,unmodified,6,Y,6,Y,High,
Davenport CSD,2019,audited,Mid (7-14k),85.7,23.4,118.3,58.37,0.0,,6.3,6.3,,-6.59,,0.34,-1.52,,59.4,3.67,0.788,,35.5,61.5,6.6,7.4,,,,,,,,unmodified,2,Y,6,Y,High,
Davenport CSD,2020,audited,Mid (7-14k),104.1,27.3,366.7,54.5,50.63,,10.4,10.4,-3846,1.08,,4.28,1.38,,59.0,2.83,0.0,12648,34.7,58.5,6.5,7.4,551,6296,551,,304473,15.27,14470.0,unmodified,6,Y,,Y,audited,
Davenport CSD,2021,audited,Mid (7-14k),94.0,25.3,131.3,58.77,0.0,,11.5,11.5,-3780,4.0,,1.66,2.09,,57.3,3.25,0.15,13282,34.3,61.1,6.3,7.2,400,7114,400,,318035,15.3,14412.0,unmodified,8,Y,,Y,audited,
Davenport CSD,2022,audited,Mid (7-14k),101.5,26.9,136.9,58.39,0.0,,15.8,15.8,-1827,7.73,,3.3,3.08,,54.0,3.95,0.155,13808,33.2,7.6,5.9,6.8,247,140,247,,329687,15.3,14166.0,unmodified,7,Y,,Y,audited,
Davenport CSD,2023,audited,Mid (7-14k),118.2,29.6,155.8,53.85,0.0,,21.0,21.0,290,11.83,,8.55,4.5,76.4,51.1,3.83,2.053,14630,33.2,28.2,5.2,6.3,105,3817,105,-1.6,349534,15.6,13786.0,unmodified,3,Y,,Y,audited,
Davenport CSD,2024,audited,Mid (7-14k),122.2,30.9,164.7,50.31,0.0,,22.3,22.3,1466,14.93,,7.81,6.55,74.7,,,2.854,15771,,61.0,5.0,5.9,5606,4197,5606,-1.98,353109,15.0,13574.0,unmodified,2,Y,,Y,audited,
Davenport CSD,2025,audited,Mid (7-14k),144.2,40.5,158.7,42.28,0.0,,23.4,23.4,-697,18.59,,-2.49,4.62,,,,3.927,15103,,64.9,9.0,9.3,5542,3338,5542,-1.91,371899,13.71,13370.0,unmodified,0,Y,,Y,audited,
Des Moines Independent CSD,2015,audited,Large (>14k),98.2,27.1,147.2,7.5,0.0,12.69,15.2,15.2,-2273,11.92,,-0.59,,,48.9,,0.093,12313,,83.2,8.6,9.8,5746,3735,5746,,,,32396.1,unmodified,2,,4,Y,High,
Des Moines Independent CSD,2016,audited,Large (>14k),97.2,26.2,148.8,7.23,0.0,11.86,14.2,14.2,-2387,9.56,,1.6,,,46.6,,0.275,12661,,85.1,8.7,9.8,5395,4714,5395,,,,32581.9,unmodified,,,5,Y,High,
Des Moines Independent CSD,2017,audited,Large (>14k),94.3,25.8,147.5,7.83,0.0,11.51,13.8,13.8,-3712,6.25,,0.3,0.44,,46.2,2.6,0.261,13042,32.5,99.0,8.5,9.7,4928,6070,4928,,,,32979.2,unmodified,,,4,Y,High,
Des Moines Independent CSD,2018,audited,Large (>14k),88.5,24.2,147.2,9.31,0.0,12.4,14.6,14.6,-4330,3.0,,0.1,0.67,,46.2,2.59,0.4,13381,32.0,109.9,8.4,9.8,6234,6391,6234,0.68,,,33057.4,unmodified,4,Y,4,Y,High,
Des Moines Independent CSD,2019,audited,Large (>14k),91.9,24.6,153.5,11.74,0.0,15.04,17.1,17.1,-4140,2.31,,2.29,0.9,,45.3,,0.777,13424,,98.3,8.8,10.5,5816,6305,5816,0.21,,,32788.8,unmodified,,N,4,Y,High,
Des Moines Independent CSD,2020,audited,Large (>14k),128.4,33.1,169.9,49.59,0.0,21.06,22.9,22.9,-3720,5.21,,5.99,2.79,,,,0.797,13297,,91.0,8.8,10.7,5367,6014,5367,-0.44,230886,18.61,32545.0,unmodified,2,Y,7,Y,audited,
Des Moines Independent CSD,2021,audited,Large (>14k),128.4,31.2,214.5,53.99,0.0,31.32,32.6,32.6,-2382,13.78,,11.4,6.56,,,,-0.15,14238,,80.4,7.6,9.6,4997,6597,4997,-1.47,256173,18.61,31622.0,unmodified,2,Y,6,Y,audited,
Des Moines Independent CSD,2022,audited,Large (>14k),150.6,41.8,207.6,44.57,0.0,35.3,36.6,36.6,-1232,14.95,,-1.41,5.33,,,,-0.149,15016,,48.6,8.2,11.4,4467,1407,4467,-1.83,267452,16.06,31024.0,unmodified,2,Y,5,Y,audited,
Des Moines Independent CSD,2023,audited,Large (>14k),147.4,40.2,207.9,44.54,0.0,34.5,35.8,35.8,-679,17.73,,0.42,3.47,79.2,,,2.946,15813,,62.9,7.4,10.7,3857,4832,3857,-1.85,280134,15.34,30774.0,unmodified,4,Y,9,Y,audited,
Des Moines Independent CSD,2024,audited,Large (>14k),147.4,41.5,202.8,42.61,0.0,33.91,35.2,35.2,-768,21.02,,-2.74,-1.24,81.3,,,2.388,15951,,64.8,7.6,10.8,3245,5400,3245,-0.87,276765,15.15,30802.0,unmodified,1,N,7,Y,audited,
Des Moines Independent CSD,2025,audited,Large (>14k),115.0,34.7,176.4,46.41,0.0,25.21,27.0,27.0,-2258,18.14,,-9.99,-4.1,,,,3.204,16771,,52.3,7.6,10.7,2672,4003,2672,-0.2,286624,14.67,30836.0,unmodified,3,N,9,Y,audited,
Dubuque CSD,2015,audited,Mid (7-14k),68.3,19.9,126.7,65.91,0.0,,10.8,10.8,-3976,8.11,,-6.45,,,60.1,,,11860,,81.8,9.0,7.8,4501,3877,4501,,,,10633.7,unmodified,2,N,6,N,High,
Dubuque CSD,2016,audited,Mid (7-14k),68.0,19.0,120.6,67.76,0.0,,8.9,8.9,-4638,7.77,,-1.9,,,58.4,,,11916,,87.5,8.7,8.0,4389,5009,4389,,,,10587.9,unmodified,1,Y,6,N,High,
Dubuque CSD,2017,audited,Mid (7-14k),79.0,21.0,126.9,64.37,0.0,,11.5,11.5,-4088,8.59,,2.82,-1.84,,57.1,3.08,0.118,11945,39.4,99.9,8.2,8.2,5164,6199,5164,,,,10555.8,unmodified,1,Y,6,N,High,
Dubuque CSD,2018,audited,Mid (7-14k),83.3,22.6,128.6,63.43,0.0,,12.7,12.7,-3955,8.56,,1.07,0.66,,57.1,3.13,0.276,12316,39.0,107.1,9.1,8.8,5952,6433,5952,-0.4,,,10506.8,unmodified,1,N,6,N,High,
Dubuque CSD,2019,audited,Mid (7-14k),82.2,22.5,128.4,63.97,0.0,,12.9,12.9,-4741,8.11,,-0.05,1.28,,55.9,2.96,0.497,12603,40.2,109.4,9.9,10.0,6607,6219,6607,-0.5,,,10429.8,unmodified,0,N,6,N,High,
Dubuque CSD,2020,audited,Mid (7-14k),87.0,23.9,127.0,62.96,0.0,13.02,12.5,12.5,-4914,7.31,,-0.36,0.22,85.5,54.8,2.86,0.308,12647,40.1,101.9,10.4,19.3,6020,5674,6020,-0.21,346979,14.71,10489.0,unmodified,0,Y,6,N,audited,
Dubuque CSD,2021,audited,Mid (7-14k),82.5,21.5,138.2,65.46,0.0,16.52,15.9,15.9,-4179,9.17,,4.99,1.53,84.3,51.9,2.62,0.054,13369,37.4,98.5,9.4,27.9,5566,6997,5566,-0.63,361456,14.66,10309.9,unmodified,0,Y,6,N,audited,
Dubuque CSD,2022,audited,Mid (7-14k),99.4,26.4,147.6,58.06,0.0,19.51,18.8,18.8,-3030,9.94,,3.13,2.59,83.2,50.6,2.88,0.071,14282,36.1,63.4,8.9,17.5,8136,135,8136,-1.0,379394,14.56,10120.3,unmodified,0,Y,6,N,audited,
Dubuque CSD,2023,audited,Mid (7-14k),95.9,26.9,147.5,56.26,0.0,19.03,18.3,18.3,-2443,9.54,,-2.27,1.95,84.0,55.8,3.04,0.801,14167,37.2,91.6,11.0,12.2,7688,3938,7688,-1.37,392423,13.91,10063.1,unmodified,0,Y,6,N,audited,
Dubuque CSD,2024,audited,Mid (7-14k),90.1,25.5,138.4,58.49,0.0,16.21,15.6,15.6,-2336,9.57,,-3.37,-0.84,85.0,,,,14167,,92.8,10.9,12.3,7213,4476,7213,-1.03,389397,14.51,9996.0,unmodified,0,Y,6,N,audited,
Dubuque CSD,2025,audited,Mid (7-14k),92.5,25.5,133.5,60.03,0.0,15.37,14.9,14.9,-2198,11.08,,-0.62,-2.09,85.3,,,,14525,,88.7,10.2,12.4,8276,3488,8276,-0.86,419051,13.0,9862.9,unmodified,0,Y,7,N,audited,
Johnston CSD,2015,audited,Small-mid (3-7k),72.6,19.3,120.9,68.18,0.0,8.93,8.6,8.6,-2675,10.08,,3.09,,,,,,10337,,147.1,13.9,29.9,11542,3928,11542,,,,6616.0,unmodified,3,N,5,Y,High,
Johnston CSD,2016,audited,Small-mid (3-7k),94.5,24.5,132.8,61.33,0.0,14.01,13.5,13.5,-1747,11.7,,5.46,,,,,,10461,,191.5,13.1,40.5,16247,4694,16247,,,,6756.1,unmodified,2,Y,5,Y,High,
Johnston CSD,2017,audited,Small-mid (3-7k),101.9,26.9,141.2,59.0,0.0,17.65,17.0,17.0,-1321,12.87,,3.68,4.08,,53.7,4.65,0.149,10770,42.8,199.6,16.0,20.4,16239,5819,16239,,,,6894.2,unmodified,1,Y,5,Y,High,
Johnston CSD,2018,audited,Small-mid (3-7k),105.0,28.4,144.8,55.93,0.0,18.49,17.8,17.8,-1310,13.37,,1.13,3.42,,53.7,4.71,0.342,11117,42.2,192.6,15.9,23.9,15481,5776,15481,2.26,,,7074.1,unmodified,2,Y,4,Y,High,
Johnston CSD,2019,audited,Small-mid (3-7k),95.4,26.7,138.6,57.74,0.0,16.24,15.6,15.6,-1593,13.52,,-2.22,0.86,,54.5,4.75,0.535,11774,41.0,185.9,15.9,23.8,15232,5715,15232,1.47,,,7057.6,unmodified,3,Y,4,Y,High,
Johnston CSD,2020,audited,Small-mid (3-7k),81.1,22.8,130.2,63.98,0.0,13.25,12.7,12.7,-2201,14.46,,-2.87,-1.32,,55.0,4.69,0.663,11954,41.2,169.9,15.6,24.2,13778,5337,13778,1.01,313822,18.35,7105.7,unmodified,2,N,,Y,audited,
Johnston CSD,2021,audited,Small-mid (3-7k),89.1,23.3,136.4,64.9,0.0,15.84,15.3,15.3,-1965,17.34,,4.78,-0.1,,51.9,3.92,0.207,12276,41.8,153.7,13.5,19.4,12665,6430,12665,-0.33,344020,17.75,7004.2,unmodified,2,Y,5,Y,audited,
Johnston CSD,2022,audited,Small-mid (3-7k),115.8,30.0,151.5,55.09,0.0,20.63,19.9,19.9,152,19.75,,5.37,2.43,,50.9,4.21,0.042,12636,43.8,64.3,12.4,44.4,7937,126,7937,-0.34,359891,17.76,6986.9,unmodified,1,N,7,Y,audited,
Johnston CSD,2023,audited,Small-mid (3-7k),110.2,30.5,153.3,52.47,0.0,17.59,19.3,19.3,927,20.33,,-1.04,3.04,76.8,54.5,5.32,0.859,13292,41.7,66.8,10.1,61.7,4690,3507,4690,-0.57,367650,17.75,6984.8,unmodified,3,Y,9,Y,audited,
Johnston CSD,2024,audited,Small-mid (3-7k),89.4,25.7,138.0,60.55,0.0,13.34,15.1,15.1,805,21.56,,-4.92,-0.2,77.5,,,1.058,13880,,69.3,8.6,12.5,4493,3967,4493,-0.09,378368,13.01,6984.8,unmodified,3,N,6,N,audited,
Johnston CSD,2025,audited,Small-mid (3-7k),65.3,18.9,123.9,69.76,0.0,7.66,9.4,9.4,-81,20.66,,-5.38,-3.78,,,,1.014,15163,,55.6,8.5,12.3,3971,3295,3971,-0.71,412038,13.89,6838.4,unmodified,3,Y,9,N,audited,
Linn-Mar CSD,2015,audited,Small-mid (3-7k),86.2,23.8,132.4,59.45,0.0,12.4,11.9,11.9,-3334,14.97,,-0.86,,,58.8,,,10220,,155.9,14.8,18.8,11914,3725,11914,,,,7145.0,unmodified,5,No,6,N,High,
Linn-Mar CSD,2016,audited,Small-mid (3-7k),83.7,23.0,130.4,59.42,0.0,11.93,11.5,11.5,-3120,14.5,,-0.38,,,58.9,,,10670,,176.7,14.3,17.5,13802,4796,13802,,,,7198.0,unmodified,3,No,5,N,High,
Linn-Mar CSD,2017,audited,Small-mid (3-7k),82.5,22.5,129.4,60.62,0.0,11.57,11.1,11.1,-3449,14.38,,0.28,-0.32,,58.0,2.81,0.051,10893,39.8,169.9,15.3,39.9,12252,6105,12252,,,,7313.0,unmodified,2,No,5,N,High,
Linn-Mar CSD,2018,audited,Small-mid (3-7k),71.7,19.7,126.5,73.81,0.0,10.99,10.6,10.6,-3777,13.27,,-0.53,-0.21,,56.8,2.88,0.124,11281,40.7,158.7,14.1,18.3,11086,6371,11086,1.34,,,7436.0,unmodified,3,No,5,N,High,
Linn-Mar CSD,2019,audited,Small-mid (3-7k),68.1,18.7,125.2,66.94,0.0,10.57,10.2,10.2,-4064,12.79,,-0.17,-0.14,,56.4,2.8,0.208,11473,41.2,155.3,13.5,17.9,11288,6099,11288,1.63,,,7556.0,unmodified,2,Yes,5,N,High,
Linn-Mar CSD,2020,audited,Small-mid (3-7k),74.8,20.2,,66.0,58.89,11.6,11.1,11.1,-4220,13.79,,1.35,0.22,,55.8,2.68,0.0,11432,41.2,196.5,13.5,35.4,16566,5791,16566,1.63,283143,18.02,7676.0,unmodified,4,Y,5,N,audited,
Linn-Mar CSD,2021,audited,Small-mid (3-7k),82.4,21.8,,62.87,55.91,14.2,13.7,13.7,-4157,15.6,,3.2,1.46,,53.8,2.53,0.0,12324,40.6,181.9,15.8,19.5,15786,6908,15786,0.72,300349,18.01,7598.0,unmodified,3,Y,5,N,audited,
Linn-Mar CSD,2022,audited,Small-mid (3-7k),69.8,19.4,,64.42,56.69,12.4,11.9,11.9,-3157,13.04,,-1.66,0.96,,53.2,2.78,0.0,13347,40.8,112.6,15.2,68.0,14085,141,14085,0.1,311274,17.87,7579.0,unmodified,4,Y,6,N,audited,
Linn-Mar CSD,2023,audited,Small-mid (3-7k),55.7,16.1,114.3,71.19,0.0,6.67,6.4,6.4,-2999,9.93,,-5.24,-1.23,79.8,56.1,3.19,0.328,13667,38.8,150.6,14.5,18.7,14954,4009,14954,0.04,317057,17.36,7685.0,unmodified,3,Y,6,N,audited,
Linn-Mar CSD,2024,audited,Small-mid (3-7k),62.0,17.0,113.9,69.26,0.0,6.34,6.1,6.1,-2777,9.64,,-0.03,-2.31,79.8,,,,13843,,155.9,14.4,20.4,16244,4661,16244,-0.14,331730,17.89,7566.0,unmodified,2,Y,6,N,audited,
Linn-Mar CSD,2025,audited,Small-mid (3-7k),77.7,20.7,119.2,65.23,0.0,9.51,9.2,9.2,-3968,10.27,,2.91,-0.79,,,,,13818,,146.4,14.7,19.6,16594,3605,16594,-0.38,353718,17.99,7494.0,unmodified,3,Y,5,N,audited,
Pleasant Valley CSD,2015,audited,Small-mid (3-7k),91.2,24.5,126.2,59.87,0.0,12.2,11.7,11.7,-2521,17.29,,1.93,,,54.1,,,9475,,36.3,5.4,10.1,0,3239,0,,,,4386.1,unmodified,1,N,9,N,High,
Pleasant Valley CSD,2016,audited,Small-mid (3-7k),83.5,22.7,126.7,61.37,0.0,11.4,10.9,10.9,-2150,15.79,,0.64,,,55.8,,,10016,,63.7,5.3,5.5,2207,3911,2207,,,,4531.8,unmodified,0,N,6,Y,High,
Pleasant Valley CSD,2017,audited,Small-mid (3-7k),97.2,26.2,127.3,57.55,0.0,12.33,11.8,11.8,-2001,16.34,,1.43,1.33,,56.0,3.41,0.111,9992,42.7,89.5,6.9,9.6,3879,4862,3879,,,,4745.5,unmodified,1,N,6,Y,High,
Pleasant Valley CSD,2018,audited,Small-mid (3-7k),95.7,26.1,126.4,57.4,0.0,11.85,11.4,11.4,-2268,15.62,,0.24,0.77,,56.5,3.43,0.185,10307,42.2,103.9,8.0,12.1,5265,5040,5265,3.92,,,4922.4,unmodified,1,Y,6,Y,High,
Pleasant Valley CSD,2019,audited,Small-mid (3-7k),92.8,25.2,127.7,58.75,0.0,12.68,12.2,12.2,-2453,15.68,,0.75,0.81,,56.6,3.44,0.289,10352,42.0,155.2,9.3,14.1,10836,4881,10836,3.58,,,5036.7,unmodified,0,N,6,Y,High,
Pleasant Valley CSD,2020,audited,Small-mid (3-7k),104.5,28.0,130.9,55.97,0.0,14.34,13.7,13.7,-2553,17.63,,2.14,1.04,,56.8,3.29,0.205,10336,41.3,142.0,13.1,17.8,9641,4487,9641,2.62,326055,13.41,5128.4,unmodified,1,N,5,Y,audited,
Pleasant Valley CSD,2021,audited,Small-mid (3-7k),113.4,29.5,140.3,55.01,0.0,17.81,17.1,17.1,-2311,20.08,,5.11,2.67,,55.7,3.13,0.076,10671,40.7,130.4,11.7,16.6,8423,5267,8423,2.13,326902,13.78,5244.2,unmodified,0,N,5,Y,audited,
Pleasant Valley CSD,2022,audited,Small-mid (3-7k),103.6,28.2,142.5,54.9,0.0,17.31,16.6,16.6,-1372,19.44,,0.59,2.61,,54.9,3.3,0.106,11384,41.2,70.9,10.7,16.2,7191,96,7191,2.5,336852,13.76,5423.6,unmodified,1,N,5,Y,audited,
Pleasant Valley CSD,2023,audited,Small-mid (3-7k),106.2,29.0,140.8,54.4,0.0,17.1,16.4,16.4,-769,20.05,,0.26,1.99,78.1,57.3,3.57,0.821,11654,39.4,84.6,10.2,15.8,6035,2953,6035,2.71,345237,13.46,5556.8,unmodified,2,Y,6,Y,audited,
Pleasant Valley CSD,2024,audited,Small-mid (3-7k),118.2,31.1,149.2,51.99,0.0,20.31,19.5,19.5,-969,21.88,,3.92,1.59,79.4,,,,12049,,115.3,9.3,15.8,9990,3498,9990,1.83,363844,13.46,5538.0,unmodified,2,Y,5,Y,audited,
Pleasant Valley CSD,2025,audited,Small-mid (3-7k),124.4,33.2,156.7,48.18,0.0,22.45,21.8,21.8,-813,22.83,,2.46,2.21,,,,,12718,,98.8,11.5,17.2,8989,2866,8989,0.46,381681,13.46,5498.0,unmodified,1,Y,4,Y,audited,
Waterloo CSD,2015,audited,Mid (7-14k),60.5,16.1,116.4,65.67,0.0,6.2,6.0,6.0,,8.83,,2.72,,,62.6,,,,,98.2,10.2,9.7,,,,,,,,unmodified,1,N,6,N,High,
Waterloo CSD,2016,audited,Mid (7-14k),69.2,18.4,121.7,63.26,0.0,8.61,8.3,8.3,,9.5,,3.15,,,63.7,,,,,103.8,10.2,9.8,,,,,,,,unmodified,5,N,5,N,High,
Waterloo CSD,2017,audited,Mid (7-14k),93.8,24.2,136.1,55.95,0.0,14.35,13.8,13.8,,13.59,,5.73,3.87,,63.7,3.89,0.126,,30.6,108.1,9.8,11.2,,,,,,,,unmodified,4,Y,8,N,High,
Waterloo CSD,2018,audited,Mid (7-14k),100.4,26.9,141.4,52.25,0.0,16.32,15.7,15.7,-3621,14.17,,2.1,3.66,,63.6,3.96,0.331,11779,30.1,118.7,9.2,11.3,7339,6080,7339,,,,10879.0,unmodified,,,5,Y,High,
Waterloo CSD,2019,audited,Mid (7-14k),91.1,25.3,136.3,55.32,0.0,14.9,14.3,14.3,-3887,13.11,,-1.56,2.09,,64.2,3.84,0.541,12571,29.5,112.4,9.8,10.2,7051,5876,7051,,,,10777.0,unmodified,,,5,Y,High,
Waterloo CSD,2020,audited,Mid (7-14k),93.0,25.9,132.7,52.91,0.0,12.51,12.0,12.0,-4480,12.91,,-1.61,-0.36,,62.1,3.44,0.394,12786,28.7,103.3,10.0,11.4,6539,5420,6539,,246744,14.21,10865.0,unmodified,,,5,Y,audited,
Waterloo CSD,2021,audited,Mid (7-14k),107.5,27.5,153.4,49.99,0.0,19.18,18.5,18.5,-3805,18.03,,6.73,1.19,,58.4,3.05,0.144,13383,25.3,112.2,8.9,10.4,8323,6630,8323,-0.76,250569,14.21,10633.0,unmodified,2,N,5,Y,audited,
Waterloo CSD,2022,audited,Mid (7-14k),105.3,27.7,166.0,49.34,0.0,21.59,20.8,20.8,-2096,19.6,,3.82,2.98,,56.4,3.69,0.183,14292,24.2,60.3,9.5,11.3,7716,131,7716,-0.3,252733,13.85,10681.0,unmodified,1,Y,5,Y,audited,
Waterloo CSD,2023,audited,Mid (7-14k),114.5,31.3,164.1,44.18,0.0,21.39,20.6,20.6,-1399,19.7,,0.09,3.55,77.0,59.0,2.66,1.114,14959,22.7,80.6,9.5,11.0,7159,3702,7159,-0.6,257943,13.36,10672.0,unmodified,3,N,5,Y,audited,
Waterloo CSD,2024,audited,Mid (7-14k),60.2,19.0,123.7,58.21,0.0,6.75,6.5,6.5,-3177,12.7,,-15.48,-3.86,76.2,,,,15791,,90.4,10.2,11.5,6657,4266,6657,0.31,249321,13.36,10732.0,unmodified,,,5,Y,audited,
Waterloo CSD,2025,audited,Mid (7-14k),24.1,7.5,90.2,79.65,0.0,-5.63,-5.4,-5.4,-4210,7.54,,-13.57,-9.65,,,,,16066,,134.0,9.9,11.3,14184,3385,14184,0.41,250041,13.97,10812.0,unmodified,,,5,N,audited,
Waukee CSD,2015,audited,Mid (7-14k),71.7,19.4,118.1,69.39,0.0,8.96,8.6,8.6,-2808,30.66,,1.41,,,54.5,,,9040,,247.3,21.1,27.3,19273,2925,19273,,,,8773.3,unmodified,2,Y,6,Y,High,
Waukee CSD,2016,audited,Mid (7-14k),72.2,19.7,116.0,69.34,0.0,7.87,7.5,7.5,-2413,30.33,,0.31,,,56.2,,,9329,,233.4,19.8,30.2,17730,3593,17730,,,,9448.7,unmodified,1,Y,5,Y,High,
Waukee CSD,2017,audited,Mid (7-14k),82.8,21.8,121.3,67.15,0.0,10.28,9.9,9.9,-2093,31.63,,3.95,1.89,,56.1,4.15,0.104,9472,43.8,236.1,18.0,26.9,18127,4590,18127,,,,10027.3,unmodified,1,Y,5,Y,High,
Waukee CSD,2018,audited,Mid (7-14k),97.1,25.6,126.5,63.14,0.0,13.96,13.4,13.4,-1488,32.84,,3.94,2.73,,54.8,4.29,0.253,9750,44.8,214.0,18.0,30.2,16716,4773,16716,6.5,,,10599.0,unmodified,2,Y,6,Y,High,
Waukee CSD,2019,audited,Mid (7-14k),100.6,26.9,128.8,61.78,0.0,15.39,14.8,14.8,-1431,33.12,,2.38,3.42,,54.5,4.41,0.466,10141,45.0,253.1,16.4,69.4,21431,4616,21431,5.7,,,11159.0,unmodified,3,Y,5,Y,High,
Waukee CSD,2020,audited,Mid (7-14k),87.1,24.1,126.4,64.21,0.0,13.71,13.1,13.1,-1881,33.14,,-0.89,1.81,,53.2,4.38,0.362,10570,44.6,250.5,20.4,41.5,21421,4540,21421,5.28,370698,17.86,11701.0,unmodified,2,N,5,Y,audited,
Waukee CSD,2021,audited,Mid (7-14k),84.8,23.0,125.6,66.36,0.0,13.43,15.8,15.8,-2634,33.52,,0.83,0.77,,53.5,3.72,0.176,11027,42.5,287.1,19.8,42.2,26010,5630,26010,4.21,377069,17.8,11994.0,unmodified,0,Y,5,Y,audited,
Waukee CSD,2022,audited,Mid (7-14k),84.9,23.5,120.6,66.58,0.0,11.46,14.2,14.2,-1037,32.89,,-0.98,-0.35,,52.4,4.08,0.121,11571,44.0,249.3,22.1,32.6,28188,114,28188,3.77,391596,17.8,12470.0,unmodified,1,Y,6,Y,audited,
Waukee CSD,2023,audited,Mid (7-14k),85.2,23.0,120.7,67.63,0.0,11.58,14.3,14.3,-217,31.54,,1.45,0.43,77.1,52.7,4.14,0.784,12399,44.5,275.1,22.2,31.0,31031,3309,31031,2.54,419192,17.8,12616.0,unmodified,0,Y,5,Y,audited,
Waukee CSD,2024,audited,Mid (7-14k),96.9,25.3,128.3,64.49,0.0,15.44,18.2,18.2,827,31.04,,4.74,1.74,77.6,,,,12276,,241.0,22.0,30.7,26946,3589,26946,4.47,434477,17.8,13674.0,unmodified,0,Y,5,Y,audited,
Waukee CSD,2025,audited,Mid (7-14k),106.3,28.2,134.6,59.9,0.0,17.85,19.7,19.7,1646,29.87,,3.3,3.16,,,,,12986,,230.7,20.1,30.8,27699,2909,27699,3.97,450723,17.8,14016.0,unmodified,1,Y,5,Y,audited,
West Des Moines CSD,2015,audited,Small-mid (3-7k),98.8,26.5,126.8,64.94,0.0,9.56,13.8,13.8,-2058,17.76,,2.13,,,32.7,,0.107,10717,,146.0,13.8,13.4,11472,3601,11472,,,,9146.0,unmodified,1,N,5,Y,High,
West Des Moines CSD,2016,audited,Small-mid (3-7k),107.9,28.3,134.9,62.39,0.0,11.55,15.8,15.8,-1544,19.15,,4.28,,,31.9,,0.292,11290,,128.2,13.6,39.9,9671,4456,9671,,,,9013.0,unmodified,2,N,5,Y,High,
West Des Moines CSD,2017,audited,Small-mid (3-7k),138.8,35.7,142.9,57.68,0.0,16.9,21.5,21.5,-1474,22.33,,6.06,4.16,,31.5,2.91,0.464,11296,52.2,127.8,12.6,14.6,8595,5710,8595,,,,8969.0,unmodified,2,N,5,Y,High,
West Des Moines CSD,2018,audited,Small-mid (3-7k),102.6,29.8,134.1,59.47,0.0,11.52,15.5,15.5,-4096,14.81,,-5.98,1.45,,30.6,3.09,0.611,13244,54.1,133.2,11.5,14.2,7424,6092,7424,-0.84,,,8918.0,unmodified,5,Y,5,Y,High,
West Des Moines CSD,2019,audited,Small-mid (3-7k),80.1,23.1,122.7,69.93,0.0,7.1,11.3,11.3,-5309,14.11,,-5.37,-1.76,,30.8,3.15,0.829,12641,52.5,130.4,11.9,15.3,6133,6044,6133,-0.27,,,8941.0,unmodified,4,Y,5,Y,High,
West Des Moines CSD,2020,audited,Small-mid (3-7k),92.0,24.7,125.2,67.47,0.0,9.67,13.3,13.3,-4453,12.88,,2.14,-3.07,,41.9,2.86,0.481,12732,54.9,88.8,9.4,13.2,4195,5468,4195,0.07,526736,13.16,8989.0,unmodified,3,Y,5,Y,audited,
West Des Moines CSD,2021,audited,Small-mid (3-7k),80.8,21.4,128.6,71.65,0.0,10.71,14.5,14.5,-4567,10.6,,3.45,0.07,,39.8,2.2,0.083,13745,53.9,126.5,8.0,13.9,9100,6749,9100,-0.37,568154,13.16,8820.0,unmodified,2,Y,5,Y,audited,
West Des Moines CSD,2022,audited,Small-mid (3-7k),98.5,25.4,138.2,68.12,0.0,16.27,19.8,19.8,-2801,11.46,,5.76,3.78,,39.3,2.61,0.134,13866,53.9,69.9,10.5,14.1,8395,42,8395,-0.62,578102,13.16,8775.0,unmodified,3,Y,5,Y,audited,
West Des Moines CSD,2023,audited,Small-mid (3-7k),100.0,26.6,147.7,65.04,0.0,19.48,22.1,22.1,-4107,10.64,,2.96,4.06,76.6,40.6,2.68,1.485,14775,53.4,86.5,10.2,13.9,7623,3567,7623,-1.16,605092,13.16,8679.0,unmodified,3,Y,5,Y,audited,
West Des Moines CSD,2024,audited,Small-mid (3-7k),99.6,28.5,140.4,61.43,0.0,15.98,19.4,19.4,-1669,9.44,,-4.41,1.44,77.8,,,2.122,15503,,121.2,10.4,16.6,13112,4259,13112,-0.78,607346,13.16,8614.0,unmodified,3,Y,5,Y,audited,
West Des Moines CSD,2025,audited,Small-mid (3-7k),86.3,24.9,129.0,67.35,0.0,11.42,15.3,15.3,-2993,11.0,,-5.07,-2.17,,,,1.728,15486,,110.2,13.2,18.8,12178,3477,12178,-0.95,658536,12.22,8526.0,unmodified,2,Y,5,Y,audited,
College CSD (Prairie),2015,audited,Small-mid (3-7k),5.4,1.6,107.1,98.22,0.0,2.8,2.7,2.7,,12.04,,-9.69,,,50.2,,,,,172.1,16.2,24.2,,,,,,,,unmodified,2,Y,6,N,High,
College CSD (Prairie),2016,audited,Small-mid (3-7k),27.4,7.6,103.4,83.56,0.0,1.03,1.0,1.0,,9.85,,-1.15,,,47.2,,,,,156.2,14.5,17.1,,,,,,,,unmodified,2,Y,6,N,High,
College CSD (Prairie),2017,audited,Small-mid (3-7k),4.0,1.1,109.3,96.6,0.0,2.79,2.7,2.7,,10.17,,2.14,-2.9,,49.6,,,,,201.7,13.4,19.8,,,,,,,,unmodified,2,Y,6,N,High,
College CSD (Prairie),2018,audited,Small-mid (3-7k),30.3,7.8,124.1,83.99,0.0,8.7,8.4,8.4,,11.1,,6.01,2.33,,48.7,,,,,214.1,15.6,18.6,,,,,,,,unmodified,0,N,6,N,High,
College CSD (Prairie),2019,audited,Small-mid (3-7k),51.2,13.2,142.0,73.78,0.0,14.94,14.4,14.4,,11.35,,6.08,4.74,,48.8,3.88,0.191,,50.0,225.6,16.7,19.0,,,,,,,,unmodified,1,N,6,N,High,
College CSD (Prairie),2020,audited,Small-mid (3-7k),47.1,12.7,145.4,76.74,0.0,17.02,16.4,16.4,-5902,11.62,,1.4,4.5,,48.6,3.82,0.142,12147,48.1,269.1,18.9,22.4,24322,5883,24322,,387528,16.61,5194.1,unmodified,0,N,7,N,audited,
College CSD (Prairie),2021,audited,Small-mid (3-7k),50.4,13.2,154.8,77.02,0.0,20.38,19.6,19.6,-6132,13.69,,4.53,4.0,,47.2,4.03,0.008,12884,46.4,304.2,20.6,35.9,30313,7201,30313,,410917,16.61,5089.0,unmodified,1,N,6,N,audited,
College CSD (Prairie),2022,audited,Small-mid (3-7k),53.9,14.8,157.4,73.05,0.0,19.58,18.9,18.9,-4719,14.61,,-0.0,1.98,,46.2,3.89,0.029,13679,46.2,245.9,23.4,62.4,30471,175,30471,,424944,16.61,5089.3,unmodified,0,Y,7,N,audited,
College CSD (Prairie),2023,audited,Small-mid (3-7k),44.3,12.3,151.0,76.64,0.0,18.01,17.4,17.4,-4113,16.22,,-1.68,0.95,81.3,48.9,4.0,0.744,14093,42.9,302.4,23.3,26.1,34932,3993,34932,-0.41,437758,16.61,5130.9,unmodified,0,Y,7,N,audited,
College CSD (Prairie),2024,audited,Small-mid (3-7k),27.2,7.8,133.2,84.79,0.0,12.8,12.3,12.3,-4217,15.37,,-4.81,-2.16,81.7,,,,14644,,283.9,25.9,28.3,33014,4609,33014,0.38,436372,16.61,5147.9,unmodified,0,Y,8,N,audited,
College CSD (Prairie),2025,audited,Small-mid (3-7k),6.2,1.8,115.6,96.51,0.0,6.53,6.4,6.4,-6128,14.14,,-5.21,-3.9,,,,,15693,,309.3,24.1,29.1,40413,3761,40413,-0.09,486228,16.6,5075.2,unmodified,1,Y,8,N,audited,
Muscatine CSD,2015,audited,Small-mid (3-7k),99.7,25.8,142.0,54.14,0.0,,13.6,13.6,,11.52,,5.56,,,,,0.056,,,35.7,6.2,,,,,,,,,unmodified,2,N,7,N,Medium,
Muscatine CSD,2016,audited,Small-mid (3-7k),120.0,31.5,149.8,49.72,0.0,,18.4,18.4,,13.7,,4.14,,,,,0.066,,,43.7,6.3,,,,,,,,,unmodified,3,Y,7,N,High,
Muscatine CSD,2017,audited,Small-mid (3-7k),126.1,33.5,160.1,46.38,0.0,,21.7,21.7,,15.21,,3.04,4.25,,48.0,2.53,0.096,,32.3,54.5,6.4,,,,,,,,,unmodified,8,Y,7,N,High,
Muscatine CSD,2018,audited,Small-mid (3-7k),131.2,35.9,158.8,47.06,0.0,24.16,23.2,23.2,,16.11,,0.11,2.43,,48.4,2.53,0.719,,31.8,72.8,5.9,,,,,,,,,unmodified,5,N,7,N,High,
Muscatine CSD,2019,audited,Small-mid (3-7k),117.1,32.6,158.4,47.3,0.0,22.46,21.6,21.6,,16.57,,-1.7,0.48,,47.9,2.58,0.721,,32.0,71.5,6.6,,,,,,,,,unmodified,4,Y,7,N,High,
Muscatine CSD,2020,audited,Small-mid (3-7k),107.3,30.3,151.0,49.55,0.0,20.31,19.5,19.5,-5871,17.05,,-2.98,-1.52,,64.9,2.23,0.411,11755,30.5,70.0,6.7,7.6,95,5379,95,,273059,13.83,4811.8,unmodified,4,Y,7,N,audited,
Muscatine CSD,2021,audited,Small-mid (3-7k),97.7,26.9,149.7,53.82,0.0,19.16,18.4,18.4,-6276,18.45,,-0.51,-1.73,,63.7,2.45,0.078,12079,29.1,78.6,6.7,7.5,98,6438,98,,283651,13.52,4690.0,unmodified,1,Y,7,N,audited,
Muscatine CSD,2022,audited,Small-mid (3-7k),98.7,26.4,154.4,53.95,0.0,19.17,18.4,18.4,-5091,20.5,,2.48,-0.34,,59.8,2.93,0.038,12538,30.0,20.9,6.2,7.2,46,116,46,,300480,13.53,4603.1,unmodified,1,Y,7,N,audited,
Muscatine CSD,2023,audited,Small-mid (3-7k),87.0,23.0,150.5,57.32,0.0,17.04,16.4,16.4,-4394,19.36,,3.53,1.83,78.4,58.0,2.84,0.521,13305,27.9,84.3,6.4,7.7,5494,3425,5494,-1.67,303267,13.42,4574.8,unmodified,1,Y,6,N,audited,
Muscatine CSD,2024,audited,Small-mid (3-7k),100.1,27.0,145.9,53.01,0.0,17.0,16.4,16.4,-3912,20.71,,1.49,2.5,80.2,,,1.114,13771,,83.7,9.4,13.5,5004,4108,5004,-1.94,343223,13.23,4422.8,unmodified,3,Y,5,Y,audited,
Muscatine CSD,2025,audited,Small-mid (3-7k),95.7,26.8,141.1,53.38,0.0,15.22,14.7,14.7,-5257,20.49,,-2.23,0.93,,,,0.92,14231,,81.8,9.5,14.4,5262,3286,5262,-2.12,347613,13.52,4315.9,unmodified,2,Y,4,Y,audited,
Burlington CSD,2015,audited,Small-mid (3-7k),,,,,,,,,,27.05,,,,,,,,,,,,,,,,,,,,,,,,,audited,
Burlington CSD,2016,audited,Small-mid (3-7k),113.6,30.6,158.8,48.23,0.0,19.43,18.7,18.7,,27.31,,1.71,,,66.7,,,,,89.1,9.5,11.1,,,,,,,,unmodified,3,N,7,N,High,
Burlington CSD,2017,audited,Small-mid (3-7k),116.5,31.7,165.3,44.43,0.0,19.68,18.9,18.9,,27.68,,0.68,,,66.3,2.29,0.119,,27.1,96.2,9.6,11.1,,,,,,,,unmodified,0,N,9,N,High,
Burlington CSD,2018,audited,Small-mid (3-7k),127.8,34.2,167.9,45.49,0.0,23.54,22.6,22.6,-2097,28.98,,2.35,1.58,,65.7,2.36,0.341,11898,27.5,100.3,9.1,10.9,5801,6006,5801,,,,4139.0,unmodified,0,N,7,N,High,
Burlington CSD,2019,audited,Small-mid (3-7k),129.4,35.2,174.3,43.71,0.0,25.01,24.0,24.0,-2034,30.13,,0.79,1.27,,63.2,2.37,0.673,12206,29.5,94.4,9.1,11.1,5421,5607,5421,,,,4086.0,unmodified,0,N,8,N,High,
Burlington CSD,2020,audited,Small-mid (3-7k),133.3,36.6,176.1,41.72,0.0,25.34,24.3,24.3,-2358,32.08,,-0.33,0.94,,63.5,2.6,0.563,12616,27.5,88.3,9.3,11.6,5173,5299,5173,,238383,15.09,3913.0,unmodified,0,N,9,N,audited,
Burlington CSD,2021,audited,Small-mid (3-7k),133.7,36.1,171.1,44.99,0.0,25.28,24.3,24.3,-2300,32.4,,1.56,0.67,,61.6,2.2,0.199,13052,26.1,86.4,8.5,10.9,4669,6150,4669,-1.85,246975,14.28,3913.0,unmodified,0,N,9,N,audited,
Burlington CSD,2022,audited,Small-mid (3-7k),138.3,36.8,175.9,43.23,0.0,26.39,25.4,25.4,-751,32.32,,2.8,1.34,,58.0,2.94,0.107,13565,26.3,20.0,7.7,43.8,1999,121,1999,-1.43,251256,14.51,3913.1,unmodified,0,N,10,N,audited,
Burlington CSD,2023,audited,Small-mid (3-7k),136.4,34.6,169.3,44.98,0.0,24.53,23.7,23.7,-288,30.81,,7.35,3.9,73.6,56.5,2.82,1.216,13727,22.6,102.3,5.8,6.9,11280,3389,11280,0.03,244512,13.52,3916.8,unmodified,1,N,9,N,audited,
Burlington CSD,2024,audited,Small-mid (3-7k),109.9,31.4,144.4,47.87,0.0,17.41,16.8,16.8,-959,29.27,,-4.31,1.95,73.5,,,,14215,,111.8,11.6,12.4,10992,3740,10992,-0.45,287863,12.38,3860.2,unmodified,0,N,9,N,audited,
Burlington CSD,2025,audited,Small-mid (3-7k),78.6,23.6,120.2,58.1,0.0,8.4,8.1,8.1,-1084,28.51,,-9.68,-2.21,,,,,14763,,101.9,11.7,12.7,10764,2954,10764,-1.0,304762,12.25,3796.6,unmodified,0,N,8,N,audited,
