year,cpi_u_annual,deflator_to_2025
2005,195.3,1.648454
2006,201.6,1.596939
2007,207.342,1.552715
2008,215.303,1.495302
2009,214.537,1.500641
2010,218.056,1.476423
2011,224.939,1.431246
2012,229.594,1.402227
2013,232.957,1.381985
2014,236.736,1.359924
2015,237.017,1.358312
2016,240.007,1.34139
2017,245.12,1.31341
2018,251.107,1.282095
2019,255.657,1.259277
2020,258.811,1.243931
2021,270.97,1.188113
2022,292.655,1.100077
2023,304.702,1.056583
2024,313.689,1.026313
2025,321.943,1.0
