fiscal_year,issue,detail
2005,salaries_unallocated_share,2.2%
2005,benefits_unallocated_share,7.7%
2005,benefits_unallocated_large,"1,299,000 of 16,828,000 (7.7%) sits outside the nine named functions"
2006,salaries_unallocated_share,0.1%
2006,benefits_unallocated_share,0.1%
2007,salaries_unallocated_share,0.0%
2007,benefits_unallocated_share,0.0%
2008,salaries_unallocated_share,0.0%
2008,benefits_unallocated_share,0.0%
2009,salaries_unallocated_share,0.0%
2009,benefits_unallocated_share,0.0%
2010,salaries_unallocated_share,0.0%
2010,benefits_unallocated_share,0.0%
2011,salaries_unallocated_share,0.0%
2011,benefits_unallocated_share,0.0%
2012,salaries_unallocated_share,0.0%
2012,benefits_unallocated_share,0.0%
2013,salaries_unallocated_share,0.4%
2013,benefits_unallocated_share,0.4%
2014,salaries_unallocated_share,0.5%
2014,benefits_unallocated_share,0.5%
2015,salaries_unallocated_share,0.6%
2015,benefits_unallocated_share,0.5%
2016,salaries_unallocated_share,0.4%
2016,benefits_unallocated_share,0.3%
2017,salaries_unallocated_share,0.5%
2017,benefits_unallocated_share,0.5%
2018,salaries_unallocated_share,0.5%
2018,benefits_unallocated_share,0.5%
2019,salaries_unallocated_share,0.7%
2019,benefits_unallocated_share,0.6%
2020,salaries_unallocated_share,0.6%
2020,benefits_unallocated_share,0.5%
2021,salaries_unallocated_share,0.6%
2021,benefits_unallocated_share,0.6%
2022,salaries_unallocated_share,0.4%
2022,benefits_unallocated_share,0.4%
2023,salaries_unallocated_share,0.4%
2023,benefits_unallocated_share,0.4%
