fiscal_year,source,source_file,instruction_salaries,instruction_benefits,instruction_labor,pupil_support_salaries,pupil_support_benefits,pupil_support_labor,instr_staff_support_salaries,instr_staff_support_benefits,instr_staff_support_labor,general_admin_salaries,general_admin_benefits,general_admin_labor,school_admin_salaries,school_admin_benefits,school_admin_labor,business_central_other_salaries,business_central_other_benefits,business_central_other_labor,oper_maint_salaries,oper_maint_benefits,oper_maint_labor,transportation_salaries,transportation_benefits,transportation_labor,food_service_salaries,food_service_benefits,food_service_labor,other_unallocated_salaries,other_unallocated_benefits,other_unallocated_labor,total_salaries,total_benefits,total_labor,enrollment,total_current_spend
2005,census_f33,elsec05.xls,38700000,11511000,50211000,2032000,573000,2605000,3199000,874000,4073000,471000,120000,591000,3234000,817000,4051000,758000,355000,1113000,3455000,889000,4344000,0,0,0,945000,390000,1335000,1165000,1299000,2464000,53959000,16828000,70787000,10637,80217000
2006,census_f33,elsec06.xls,41893000,12012000,53905000,2134000,551000,2685000,3424000,851000,4275000,508000,149000,657000,3434000,809000,4243000,1184000,464000,1648000,3867000,883000,4750000,0,0,0,1010000,382000,1392000,58000,20000,78000,57512000,16121000,73633000,10822,87857000
2007,census_f33,elsec07.xls,45425000,12314000,57739000,2210000,612000,2822000,3545000,926000,4471000,663000,162000,825000,3705000,865000,4570000,782000,1057000,1839000,4290000,925000,5215000,0,0,0,1034000,424000,1458000,17000,4000,21000,61671000,17289000,78960000,11180,93789000
2008,census_f33,elsec08.xls,49493000,13675000,63168000,2403000,628000,3031000,3924000,966000,4890000,806000,178000,984000,4052000,910000,4962000,914000,1077000,1991000,4549000,962000,5511000,0,0,0,1149000,440000,1589000,4000,2000,6000,67294000,18838000,86132000,11615,102893000
2009,census_f33,elsec09.xls,54849000,15825000,70674000,2039000,525000,2564000,4121000,1026000,5147000,1021000,208000,1229000,4123000,940000,5063000,943000,1054000,1997000,4698000,1092000,5790000,0,0,0,1353000,545000,1898000,1000,0,1000,73148000,21215000,94363000,11449,112622000
2010,census_f33,elsec10.xls,55663000,14788000,70451000,2710000,710000,3420000,4045000,1034000,5079000,939000,213000,1152000,4177000,975000,5152000,819000,1251000,2070000,4707000,1137000,5844000,0,0,0,1372000,592000,1964000,6000,1000,7000,74438000,20701000,95139000,12047,112879000
2011,census_f33,elsec11.xls,57488000,16934000,74422000,2670000,696000,3366000,3941000,1013000,4954000,961000,230000,1191000,4188000,988000,5176000,861000,1181000,2042000,4628000,1123000,5751000,0,0,0,1466000,595000,2061000,8000,0,8000,76211000,22760000,98971000,12176,117534000
2012,census_f33,elsec12.xls,57981000,16567000,74548000,3305000,914000,4219000,3902000,1077000,4979000,1114000,262000,1376000,4242000,1050000,5292000,1070000,1196000,2266000,4640000,1223000,5863000,0,0,0,1536000,623000,2159000,1000,1000,2000,77791000,22913000,100704000,12652,120587000
2013,census_f33,elsec13.xls,62376000,19481000,81857000,3361000,976000,4337000,4398000,1221000,5619000,1357000,326000,1683000,4512000,1151000,5663000,1364000,1213000,2577000,5174000,1363000,6537000,0,0,0,1627000,661000,2288000,347000,98000,445000,84516000,26490000,111006000,13019,131554000
2014,census_f33,elsec14.xls,67094000,19649000,86743000,3235000,942000,4177000,4705000,1303000,6008000,1324000,327000,1651000,4813000,1229000,6042000,1581000,1305000,2886000,5794000,1558000,7352000,0,0,0,1780000,729000,2509000,433000,124000,557000,90759000,27166000,117925000,13465,137321000
2015,census_f33,elsec15.xls,67837000,21684000,89521000,3643000,1038000,4681000,4607000,1247000,5854000,1266000,310000,1576000,5001000,1253000,6254000,1695000,1400000,3095000,5862000,1605000,7467000,0,0,0,1956000,731000,2687000,560000,140000,700000,92427000,29408000,121835000,13661,140564000
2016,census_f33,elsec16.xls,70791000,20548000,91339000,3522000,1014000,4536000,6451000,1685000,8136000,1168000,303000,1471000,5388000,1453000,6841000,1671000,1527000,3198000,6049000,1685000,7734000,0,0,0,2057000,842000,2899000,362000,88000,450000,97459000,29145000,126604000,14000,145017000
2017,census_f33,elsec17.xls,75605000,22549000,98154000,3373000,984000,4357000,7004000,1792000,8796000,1386000,365000,1751000,5794000,1581000,7375000,1931000,1729000,3660000,6488000,1862000,8350000,0,0,0,2061000,890000,2951000,548000,147000,695000,104190000,31899000,136089000,14317,154758000
2018,census_f33,elsec18.xls,80305000,24092000,104397000,3876000,1143000,5019000,7601000,1973000,9574000,1334000,359000,1693000,6209000,1708000,7917000,2183000,1906000,4089000,7153000,2119000,9272000,0,0,0,2261000,1025000,3286000,558000,157000,715000,111480000,34482000,145962000,14647,166607000
2019,census_f33,elsec19.xls,83455000,26389000,109844000,4158000,1258000,5416000,7625000,2017000,9642000,1429000,378000,1807000,6739000,1864000,8603000,2428000,1962000,4390000,7397000,2242000,9639000,0,0,0,2319000,1123000,3442000,787000,213000,1000000,116337000,37446000,153783000,14560,174845000
2020,census_f33,elsec20.xls,84158000,29870000,114028000,4173000,1305000,5478000,6872000,1788000,8660000,1500000,279000,1779000,6816000,1869000,8685000,2539000,2021000,4560000,7970000,2446000,10416000,53000,26000,79000,2511000,1191000,3702000,750000,213000,963000,117342000,41008000,158350000,14939,179814000
2021,census_f33,elsec21.xls,85765000,26020000,111785000,4834000,1473000,6307000,8582000,2245000,10827000,1660000,443000,2103000,6598000,1844000,8442000,2499000,2081000,4580000,8236000,2489000,10725000,54000,24000,78000,2352000,1102000,3454000,770000,223000,993000,121350000,37944000,159294000,14428,180977000
2022,census_f33,elsec22.xlsx,99019000,30968000,129987000,5347000,1628000,6975000,8246000,2136000,10382000,2238000,507000,2745000,8451000,2289000,10740000,2722000,2239000,4961000,8798000,2738000,11536000,64000,22000,86000,2505000,675000,3180000,494000,159000,653000,137884000,43361000,181245000,14820,206301000
2023,census_f33,elsec23.xlsx,100216000,29175000,129391000,5165000,1525000,6690000,8809000,2316000,11125000,2867000,611000,3478000,9758000,2634000,12392000,2644000,2432000,5076000,9469000,2795000,12264000,55000,28000,83000,2728000,1068000,3796000,632000,182000,814000,142343000,42766000,185109000,14805,211564000
