fiscal_year,source,instruction_labor,teacher_fte,aide_fte,cost_per_teacher,deflator_to_last
2005,Census F-33,2161856000,34597.0,9369.0,56380,1.73393
2006,Census F-33,2256418000,35077.0,9600.0,57980,1.686081
2007,Census F-33,2386347000,35497.0,10004.0,60416,1.618098
2008,Census F-33,2545315000,35938.0,10430.0,63458,1.540531
2009,Census F-33,2710187000,35796.0,10696.0,67629,1.445519
2010,Census F-33,2757114000,35665.0,10805.0,68950,1.417825
2011,Census F-33,2769506000,34473.0,10395.0,71691,1.363616
2012,Census F-33,2838156000,34487.0,10764.0,73162,1.336199
2013,Census F-33,2935769000,34901.0,11242.0,74516,1.31192
2014,Census F-33,3015244000,35222.0,11375.0,75813,1.289475
2015,Census F-33,3137109000,35471.0,11610.0,78203,1.250067
2016,Census F-33,3201909000,35510.0,11753.0,79627,1.227712
2017,Census F-33,3300196000,35635.0,12352.0,81334,1.201945
2018,Census F-33,3372146000,35378.0,12713.0,83339,1.173028
2019,Census F-33,3434846000,35448.0,13275.0,84274,1.160014
2020,Census F-33,3488688000,35578.0,14019.0,84706,1.154098
2021,Census F-33,3567628000,35876.0,13721.0,86249,1.133451
2022,Census F-33,3713006000,35893.0,13821.0,89640,1.090573
2023,Census F-33,3786205000,35974.0,13905.0,91155,1.072448
2024,Iowa DE CAR,3947498484,35910.0,14193.0,94921,1.029899
2025,Iowa DE CAR,4117458176,36045.0,15184.0,97759,1.0
