fiscal_year,source,Teachers,Paraeducators,Student & staff support,School administration,Central administration,Operations & maintenance,Food service,Transportation,total_labor,enrollment,staff_fte_comparable,labor_per_pupil,deflator,real_labor_per_pupil,eci_deflator,iowa_deflator,iowa_cost_per_teacher,labor_per_fte
2005,Census F-33,45058260,6963549,6918835,4197095,1765453,4500662,1383145,0,70787000,10637,1322.0,6655,1.648454,10970,1.74116,1.73393,56380,53545
2006,Census F-33,46315598,7646564,6967381,4247499,2307444,4755037,1393476,0,73633000,10822,1352.0,6804,1.596939,10866,1.675781,1.686081,57980,54462
2007,Census F-33,49015850,8738510,7294940,4571216,2664709,5216387,1458388,0,78960000,11180,1393.0,7063,1.552715,10966,1.604437,1.618098,60416,56683
2008,Census F-33,53715992,9456409,7921552,4962346,2975207,5511384,1589111,0,86132000,11615,1418.0,7416,1.495302,11089,1.548758,1.540531,63458,60742
2009,Census F-33,60063526,10611223,7711082,5063054,3226034,5790061,1898020,0,94363000,11449,1453.0,8242,1.500641,12368,1.503449,1.445519,67629,64944
2010,Census F-33,59870604,10585580,8499625,5152379,3222237,5844430,1964145,0,95139000,12047,1462.0,7897,1.476423,11660,1.478544,1.417825,68950,65075
2011,Census F-33,66772167,7655849,8320673,5176418,3233261,5751465,2061167,0,98971000,12176,1375.0,8128,1.431246,11634,1.459458,1.363616,71691,71979
2012,Census F-33,66997943,7551537,9198183,5292105,3642072,5863116,2159043,0,100704000,12652,1333.0,7960,1.402227,11161,1.439635,1.336199,73162,75547
2013,Census F-33,72706156,9480312,9996072,5685793,4277146,6563311,2297209,0,111006000,13019,1453.0,8526,1.381985,11783,1.417968,1.31192,74516,76398
2014,Census F-33,77650852,9503809,10233336,6070674,4558531,7386891,2520907,0,117925000,13465,1538.0,8758,1.359924,11910,1.395794,1.289475,75813,76674
2015,Census F-33,80690178,9348135,10595878,6290140,4697992,7510149,2702527,0,121835000,13661,1462.5,8918,1.358312,12114,1.365451,1.250067,78203,83306
2016,Census F-33,82719046,8945767,12717202,6865402,4685655,7761588,2909341,0,126604000,14000,1466.0,9043,1.34139,12130,1.331154,1.227712,79627,86360
2017,Census F-33,88371053,10286788,13220517,7412857,5438776,8392862,2966148,0,136089000,14317,1583.0,9505,1.31341,12485,1.295561,1.201945,81334,85969
2018,Census F-33,92789100,12121810,14664836,7955973,5810463,9317643,3302176,0,145962000,14647,1738.0,9965,1.282095,12776,1.263703,1.173028,83339,83983
2019,Census F-33,97197122,13365833,15156558,8659309,6237561,9702089,3464529,0,153783000,14560,1857.0,10562,1.259277,13301,1.22624,1.160014,84274,82813
2020,Census F-33,99203509,15522192,14224506,8738141,6377786,10479732,3724651,79483,158350000,14939,1731.0,10600,1.243931,13185,1.193448,1.154098,84706,91479
2021,Census F-33,99160319,13325893,17241479,8494955,6724922,10792276,3475666,78489,159294000,14428,1867.0,11041,1.188113,13117,1.166362,1.133451,86249,85321
2022,Census F-33,114563563,15893455,17419761,10778835,7733864,11577713,3191499,86311,181245000,14820,2019.0,12230,1.100077,13454,1.132859,1.090573,89640,89770
2023,Census F-33,112951809,17010689,17893686,12446733,8591782,12318168,3812766,83367,185109000,14805,2076.0,12503,1.056583,13211,1.079497,1.072448,91155,89166
2024,Iowa DE CAR,114792171,17653561,16359489,10717828,7712321,11501326,4081446,87742,182905884,14776,2012.0,12379,1.026313,12704,1.035974,1.029899,94921,90907
2025,Iowa DE CAR,115055142,17544320,16839822,11417349,8473091,12413607,4197296,84349,186024975,15013,2072.0,12391,1.0,12391,1.0,1.0,97759,89780
