year,iowa_emp,iowa_avg_annual_pay,johnson_county_emp,johnson_county_avg_annual_pay,iowa_deflator_to_last
2005,79073,29610,0,0,1.637116
2006,79638,30677,0,0,1.580174
2007,80421,32072,2158,35032,1.511443
2008,80997,33719,2217,37689,1.437617
2009,81978,34732,2278,38916,1.395687
2010,81848,34881,2328,39439,1.389725
2011,81720,35081,2362,39803,1.381802
2012,82600,35514,2484,39674,1.364955
2013,83621,36172,2609,40664,1.340125
2014,84355,37225,2676,41617,1.302216
2015,83992,38725,2674,43518,1.251775
2016,84819,39740,2722,45561,1.219804
2017,86425,40222,2882,45973,1.205186
2018,87369,40623,3061,45934,1.19329
2019,87812,41188,3166,46047,1.17692
2020,83164,44129,2974,49543,1.098484
2021,85214,44618,3138,50863,1.086445
2022,87025,45996,3373,51337,1.053896
2023,88033,46294,3432,50461,1.047112
2024,88701,47411,3420,50609,1.022442
2025,89813,48475,3516,52402,1.0
