fiscal_year,ccd_year,enrollment,teachers_total_fte,teachers_elementary_fte,teachers_secondary_fte,teachers_kindergarten_fte,teachers_prek_fte,instructional_aides_fte,guidance_counselors_total_fte,librarian_support_staff_fte,school_administrators_fte,school_admin_support_staff_fte,lea_administrators_fte,lea_admin_support_staff_fte,support_staff_students_fte,support_staff_other_fte,staff_total_fte
2005,2004,10637.0,704.0,361.0,285.0,49.0,9.0,272.0,24.0,7.0,29.0,90.0,8.0,2.0,,186.0,
2006,2005,10822.0,722.0,367.0,287.0,59.0,8.0,298.0,25.0,14.0,30.0,94.0,7.0,2.0,,160.0,
2007,2006,11180.0,709.0,342.0,300.0,55.0,11.0,316.0,28.0,1.0,32.0,99.0,7.0,2.0,,199.0,
2008,2007,11615.0,718.0,345.0,299.0,62.0,11.0,316.0,27.0,3.0,33.0,81.0,9.0,27.0,,204.0,
2009,2008,11449.0,720.0,342.0,305.0,61.0,11.0,318.0,30.0,1.0,36.0,81.0,13.0,26.0,,228.0,
2010,2009,12047.0,733.0,347.0,303.0,63.0,20.0,324.0,28.0,1.0,35.0,78.0,5.0,24.0,,234.0,
2011,2010,12176.0,771.0,490.0,191.0,71.0,18.0,221.0,30.0,0.0,57.0,77.0,19.0,32.0,,168.0,
2012,2011,12652.0,763.0,474.0,197.0,72.0,20.0,215.0,29.0,0.0,53.0,69.0,23.0,32.0,,149.0,
2013,2012,13019.0,816.0,504.0,218.0,72.0,20.0,266.0,31.0,0.0,52.0,72.0,19.0,39.0,,158.0,
2014,2013,13465.0,853.0,536.0,221.0,77.0,17.0,261.0,31.0,0.0,63.0,75.0,28.0,40.0,,187.0,
2015,2014,13661.0,839.0,537.0,211.0,73.0,17.0,243.0,30.5,0.0,35.0,73.0,22.0,37.0,,183.0,1546.0
2016,2015,14000.0,847.0,535.0,216.0,76.0,18.0,229.0,30.0,0.0,38.0,79.0,22.0,34.0,,187.0,1538.0
2017,2016,14317.0,890.0,569.0,225.0,74.0,19.0,259.0,29.0,0.0,49.0,91.0,24.0,35.0,,206.0,1843.0
2018,2017,14647.0,940.0,605.0,240.0,75.0,19.0,307.0,34.0,0.0,52.0,98.0,26.0,42.0,,239.0,2011.0
2019,2018,14560.0,989.0,630.0,260.0,76.0,22.0,340.0,34.0,0.0,50.0,102.0,28.0,45.0,,269.0,2157.0
2020,2019,14939.0,974.0,621.0,261.0,73.0,17.0,381.0,36.0,0.0,49.0,94.0,29.0,43.0,208.0,125.0,2007.0
2021,2020,14428.0,1012.0,633.0,281.0,80.0,17.0,340.0,34.0,0.0,48.0,103.0,28.0,41.0,204.0,261.0,2143.0
2022,2021,14820.0,1087.0,673.0,307.0,86.0,19.0,377.0,38.0,0.0,97.0,98.0,33.0,42.0,231.0,247.0,2300.0
2023,2022,14805.0,1081.0,657.0,315.0,86.0,20.0,407.0,38.0,0.0,94.0,105.0,37.0,38.0,231.0,276.0,2383.0
2024,2023,14776.0,1043.0,637.0,296.0,87.0,21.0,401.0,38.0,0.0,98.0,103.0,42.0,39.0,395.0,248.0,2481.0
2025,2024,15013.0,1086.0,667.0,304.0,88.0,26.0,414.0,43.0,0.0,81.0,104.0,38.0,47.0,376.0,259.0,2503.0
